RegionName,RegionType,StateName,1/31/2022,2/28/2022,3/31/2022
United States,Country,,327102,332304,337560
"New York, NY",Msa,NY,579787,584419,590839
"Los Angeles-Long Beach-Anaheim, CA",Msa,CA,881946,894332,911892
"Chicago, IL",Msa,IL,294778,297350,300651
"Dallas-Fort Worth, TX",Msa,TX,353819,362366,370501
"Philadelphia, PA",Msa,PA,316685,319229,322475
"Houston, TX",Msa,TX,283736,288041,293387
"Washington, DC",Msa,DC,533004,538067,543698
"Miami-Fort Lauderdale, FL",Msa,FL,404701,412347,422639
"Atlanta, GA",Msa,GA,346710,353517,360679
"Boston, MA",Msa,MA,620201,627388,635813
"San Francisco, CA",Msa,CA,1410216,1433224,1461773
"Detroit, MI",Msa,MI,228305,231126,234015
"Riverside, CA",Msa,CA,544460,555884,568579
"Phoenix, AZ",Msa,AZ,435357,443974,453110
"Seattle, WA",Msa,WA,740553,753688,771631
"Minneapolis-St Paul, MN",Msa,MN,362221,365680,369107
"San Diego, CA",Msa,CA,858817,879278,902655
"St. Louis, MO",Msa,MO,228516,231806,235436
"Tampa, FL",Msa,FL,335042,342654,352962
"Baltimore, MD",Msa,MD,358858,362153,366129
"Denver, CO",Msa,CO,602423,613820,627072
"Pittsburgh, PA",Msa,PA,204242,207052,209200
"Portland, OR",Msa,OR,550518,558988,569065
"Charlotte, NC",Msa,NC,346441,354002,362509
"Sacramento, CA",Msa,CA,586580,595680,605595
"San Antonio, TX",Msa,TX,310651,315876,322243
"Orlando, FL",Msa,FL,347359,354900,364611
"Cincinnati, OH",Msa,OH,244643,247695,250986
"Cleveland, OH",Msa,OH,203761,206127,208407
"Kansas City, MO",Msa,MO,269666,274486,278453
"Las Vegas, NV",Msa,NV,405923,416075,427786
"Columbus, OH",Msa,OH,276979,280835,284813
"Indianapolis, IN",Msa,IN,250927,255552,259032
"San Jose, CA",Msa,CA,1595388,1634505,1674427
"Austin, TX",Msa,TX,563908,577858,589627
"Virginia Beach, VA",Msa,VA,307949,311023,314133
"Nashville, TN",Msa,TN,404753,415156,423105
"Providence, RI",Msa,RI,424424,428463,432307
"Milwaukee, WI",Msa,WI,255210,257871,261710
"Jacksonville, FL",Msa,FL,328827,336447,345220
"Memphis, TN",Msa,TN,212778,216685,220487
"Oklahoma City, OK",Msa,OK,201876,204665,207622
"Louisville-Jefferson County, KY",Msa,KY,228139,230625,232861
"Hartford, CT",Msa,CT,302337,305018,308417
"Richmond, VA",Msa,VA,311747,315242,317518
"New Orleans, LA",Msa,LA,256392,259131,260769
"Buffalo, NY",Msa,NY,229020,231385,235940
"Raleigh, NC",Msa,NC,410526,421156,433065
"Birmingham, AL",Msa,AL,225200,228241,230816
"Salt Lake City, UT",Msa,UT,563868,578510,589622
"Rochester, NY",Msa,NY,201675,204292,207099
"Grand Rapids, MI",Msa,MI,287241,291814,296757
"Tucson, AZ",Msa,AZ,315947,320891,328121
"Urban Honolulu, HI",Msa,HI,884276,895351,906411
"Tulsa, OK",Msa,OK,194305,197164,199955
"Fresno, CA",Msa,CA,369591,375275,380969
"Worcester, MA",Msa,MA,393905,400380,405748
"Stamford, CT",Msa,CT,541611,546857,552485
"Albuquerque, NM",Msa,NM,289631,294393,299453
"Albany, NY",Msa,NY,257048,258229,260642
"Omaha, NE",Msa,NE,257372,261282,264243
"New Haven, CT",Msa,CT,311168,317139,322425
"Bakersfield, CA",Msa,CA,316160,320780,326907
"Knoxville, TN",Msa,TN,281488,288675,293835
"Greenville, SC",Msa,SC,272082,277839,283466
"Ventura, CA",Msa,CA,817651,835487,854367
"Allentown, PA",Msa,PA,283185,286675,290577
"El Paso, TX",Msa,TX,180059,182042,184204
"Baton Rouge, LA",Msa,LA,220703,223672,227085
"Dayton, OH",Msa,OH,178521,180837,183958
"McAllen, TX",Msa,TX,155334,157375,159785
"Columbia, SC",Msa,SC,213052,217057,221383
"Greensboro, NC",Msa,NC,210298,213991,217743
"Akron, OH",Msa,OH,193398,195570,197839
"North Port-Sarasota-Bradenton, FL",Msa,FL,421556,435445,451167
"Little Rock, AR",Msa,AR,186169,188042,189477
"Stockton, CA",Msa,CA,532763,537813,551249
"Charleston, SC",Msa,SC,376415,384783,393485
"Syracuse, NY",Msa,NY,182667,184952,188030
"Colorado Springs, CO",Msa,CO,465788,472484,478106
"Winston-Salem, NC",Msa,NC,217335,221837,225880
"Wichita, KS",Msa,KS,181091,182909,184751
"Springfield, MA",Msa,MA,300720,303926,307609
"Fort Myers, FL",Msa,FL,358585,372032,386694
"Boise City, ID",Msa,ID,508338,513975,515926
"Toledo, OH",Msa,OH,157449,159401,161164
"Madison, WI",Msa,WI,355232,361191,366855
"Lakeland, FL",Msa,FL,276403,282658,290560
"Ogden, UT",Msa,UT,501717,513046,524514
"Daytona Beach, FL",Msa,FL,314848,322572,330260
"Des Moines, IA",Msa,IA,251909,254977,257047
"Jackson, MS",Msa,MS,175345,177926,180565
"Youngstown, OH",Msa,OH,137075,138988,140657
"Augusta, GA",Msa,GA,205481,208928,211662
"Scranton, PA",Msa,PA,163189,164801,167097
"Harrisburg, PA",Msa,PA,242362,245722,248512
"Melbourne, FL",Msa,FL,320368,326216,333878
"Chattanooga, TN",Msa,TN,246897,252361,257916
"Spokane, WA",Msa,WA,416771,425804,434526
"Provo, UT",Msa,UT,551546,561579,569027
"Lancaster, PA",Msa,PA,302180,305569,308699
"Modesto, CA",Msa,CA,443614,451288,459213
"Portland, ME",Msa,ME,444039,450017,456093
"Durham, NC",Msa,NC,385164,395538,406005
"Santa Rosa, CA",Msa,CA,775834,782226,798696
"Lexington, KY",Msa,KY,248944,253276,257454
"Lafayette, LA",Msa,LA,184320,186719,188168
"Lansing, MI",Msa,MI,207426,209913,211940
"Fayetteville, AR",Msa,AR,281724,286194,290833
"Pensacola, FL",Msa,FL,267962,272853,277841
"Visalia, CA",Msa,CA,316980,320608,324143
"Shreveport, LA",Msa,LA,131376,131924,132503
"Springfield, MO",Msa,MO,218930,222132,225528
"York, PA",Msa,PA,245843,248819,253561
"Corpus Christi, TX",Msa,TX,206873,209096,211756
"Flint, MI",Msa,MI,166455,168271,170989
"Reno, NV",Msa,NV,550350,558916,568310
"Asheville, NC",Msa,NC,374775,380816,386191
"Port St. Lucie, FL",Msa,FL,353804,362495,371155
"Santa Maria-Santa Barbara, CA",Msa,CA,896689,910621,924917
"Huntsville, AL",Msa,AL,279599,285625,290591
"Fort Wayne, IN",Msa,IN,197993,199968,201795
"Salinas, CA",Msa,CA,805011,811483,818363
"Vallejo, CA",Msa,CA,601243,609563,616719
"Mobile, AL",Msa,AL,171127,173417,175753
"Reading, PA",Msa,PA,247873,251812,255714
"Brownsville, TX",Msa,TX,152595,155591,158518
"Killeen, TX",Msa,TX,230205,235601,241127
"Canton, OH",Msa,OH,175503,177441,179371
"Beaumont, TX",Msa,TX,153141,155170,156591
"Manchester, NH",Msa,NH,420255,426901,434441
"Salem, OR",Msa,OR,422274,426711,431793
"Anchorage, AK",Msa,AK,323669,328293,331565
"Davenport, IL",Msa,IL,153672,154665,155551
"Peoria, IL",Msa,IL,134133,135259,136421
"Myrtle Beach, SC",Msa,SC,301395,307025,311911
"Montgomery, AL",Msa,AL,171137,173607,176420
"Salisbury, MD",Msa,DE,352649,357876,364136
"Gulfport, MS",Msa,MS,181701,184729,187076
"Tallahassee, FL",Msa,FL,233261,237714,241395
"Trenton, NJ",Msa,NJ,330370,334097,337874
"Fayetteville, NC",Msa,NC,173995,176416,179106
"Hickory, NC",Msa,NC,209687,212437,214377
"Huntington, WV",Msa,WV,121582,123970,124685
"Eugene, OR",Msa,OR,434631,440867,447862
"Rockford, IL",Msa,IL,157559,161150,163745
"Savannah, GA",Msa,GA,266312,272105,276246
"Ann Arbor, MI",Msa,MI,352844,357860,364440
"Ocala, FL",Msa,FL,232043,239062,246405
"Kalamazoo, MI",Msa,MI,223890,226950,229541
"Naples, FL",Msa,FL,522597,540731,563263
"South Bend, IN",Msa,IN,186156,188891,191946
"Spartanburg, SC",Msa,SC,215821,220081,224558
"Evansville, IN",Msa,IN,182457,184525,186874
"Kingsport, TN",Msa,TN,170675,174415,176066
"Roanoke, VA",Msa,VA,231398,234616,236838
"Green Bay, WI",Msa,WI,235598,238289,242038
"Lincoln, NE",Msa,NE,259562,262248,265327
"Fort Collins, CO",Msa,CO,542724,551695,560382
"Utica, NY",Msa,NY,174688,177171,180419
"Columbus, GA",Msa,GA,159530,161773,163372
"Boulder, CO",Msa,CO,760473,773759,789243
"Lubbock, TX",Msa,TX,190318,193807,197077
"Erie, PA",Msa,PA,167070,168701,171027
"Fort Smith, AR",Msa,AR,137169,139744,141433
"Duluth, MN",Msa,MN,211440,213420,215799
"Atlantic City, NJ",Msa,NJ,283078,288280,294253
"New London, CT",Msa,CT,321177,325047,332005
"San Luis Obispo, CA",Msa,CA,825409,837916,853523
"Gainesville, FL",Msa,FL,259208,263796,268381
"Santa Cruz, CA",Msa,CA,1190825,1225176,1271098
"Clarksville, TN",Msa,TN,247107,252162,255597
"Cedar Rapids, IA",Msa,IA,193905,195178,197037
"Merced, CA",Msa,CA,397844,404665,413370
"Wilmington, NC",Msa,NC,353537,360729,369708
"Kennewick, WA",Msa,WA,407522,414608,421263
"Greeley, CO",Msa,CO,497318,506785,518236
"Waco, TX",Msa,TX,232021,236400,241993
"Olympia, WA",Msa,WA,502710,508799,513230
"Amarillo, TX",Msa,TX,187301,190263,193315
"Binghamton, NY",Msa,NY,153968,155552,156471
"Hagerstown, WV",Msa,MD,265451,269136,271928
"Bremerton, WA",Msa,WA,552387,563867,572512
"Laredo, TX",Msa,TX,181425,183713,184454
"Lynchburg, VA",Msa,VA,229922,233456,237982
"Yakima, WA",Msa,WA,321286,325704,329488
"Crestview-Fort Walton Beach-Destin, FL",Msa,FL,399221,407079,415833
"Topeka, KS",Msa,KS,167486,168825,170021
"Macon-Bibb County, GA",Msa,GA,142686,146254,148808
"Champaign-Urbana, IL",Msa,IL,174432,175471,177093
"Tuscaloosa, AL",Msa,AL,203493,206775,208919
"College Station, TX",Msa,TX,251881,256181,260252
"Sioux Falls, SD",Msa,SD,286477,291701,295598
"Charleston, WV",Msa,WV,118631,121144,121969
"Appleton, WI",Msa,WI,243914,246970,251389
"Chico, CA",Msa,CA,398396,403698,409965
"Charlottesville, VA",Msa,VA,380670,385947,389672
"Claremont, NH",Msa,NH,311159,317519,320600
"Barnstable Town, MA",Msa,MA,638463,644189,654247
"Longview, TX",Msa,TX,183209,186843,189198
"Burlington, VT",Msa,VT,397797,404315,410377
"Prescott, AZ",Msa,AZ,475524,483013,492387
"Springfield, IL",Msa,IL,153671,154710,
"Tyler, TX",Msa,TX,226282,230415,234891
"Las Cruces, NM",Msa,NM,233384,235035,238190
"Fargo, ND",Msa,ND,266617,268878,271420
"Houma, LA",Msa,LA,173575,175612,176196
"Rochester, MN",Msa,MN,295888,299108,301815
"Florence, SC",Msa,SC,153701,156240,158505
"Medford, OR",Msa,OR,427733,431069,434744
"Lafayette-West Lafayette, IN",Msa,IN,223170,227112,230323
"Bellingham, WA",Msa,WA,599680,611586,620938
"Lake Havasu City, AZ",Msa,AZ,356379,358518,361063
"Saginaw, MI",Msa,MI,136616,138349,140329
"Lake Charles, LA",Msa,LA,213808,219834,224083
"Johnson City, TN",Msa,TN,207445,213865,215144
"Elkhart, IN",Msa,IN,222008,226656,231775
"Yuma, AZ",Msa,AZ,243686,248037,252328
"Racine, WI",Msa,WI,213186,215908,216605
"Athens, GA",Msa,GA,285613,292902,297609
"Torrington, CT",Msa,CT,333217,335553,338155
"St. Cloud, MN",Msa,MN,275121,277303,281258
"Hilton Head Island, SC",Msa,SC,439773,450143,461411
"Bloomington, IL",Msa,IL,185418,188482,192454
"Hilo, HI",Msa,HI,532664,543616,556865
"Panama City, FL",Msa,FL,311201,318494,326698
"Kingston, NY",Msa,NY,357576,359318,362090
"Daphne, AL",Msa,AL,310432,317326,322977
"Gainesville, GA",Msa,GA,343971,352690,359622
"Warner Robins, GA",Msa,GA,181726,184636,187856
"Blacksburg, VA",Msa,VA,237665,241025,242169
"Jacksonville, NC",Msa,NC,216686,219853,223206
"Redding, CA",Msa,CA,371280,375192,377812
"Monroe, LA",Msa,LA,160449,162679,163517
"Joplin, MO",Msa,MO,164950,168152,171817
"El Centro, CA",Msa,CA,309239,314769,317899
"Terre Haute, IN",Msa,IN,117749,119023,120069
"Muskegon, MI",Msa,MI,201058,204382,207067
"East Stroudsburg, PA",Msa,PA,271834,275769,279683
"Sioux City, IA",Msa,IA,170354,171985,172651
"Greenville, NC",Msa,NC,195494,198165,201073
"Waterloo, IA",Msa,IA,163792,165788,167205
"Oshkosh, WI",Msa,WI,199093,202380,205913
"Yuba City, CA",Msa,CA,421143,426830,430500
"Abilene, TX",Msa,TX,171660,173522,175687
"Columbia, MO",Msa,MO,248900,253005,259416
"Dover, DE",Msa,DE,299084,303182,307113
"Eau Claire, WI",Msa,WI,242809,245920,248678
"Janesville, WI",Msa,WI,196462,196823,196821
"Jackson, MI",Msa,MI,193628,196069,197160
"Punta Gorda, FL",Msa,FL,345304,355121,370134
"Bloomington, IN",Msa,IN,262856,267469,271271
"Pueblo, CO",Msa,CO,289401,294116,298906
"Billings, MT",Msa,MT,335293,339284,344204
"Bowling Green, KY",Msa,KY,202898,206836,207144
"Bend, OR",Msa,OR,666205,671748,681979
"Albany, GA",Msa,GA,133004,136668,138107
"Vineland, NJ",Msa,NJ,205475,205846,207038
"Niles, MI",Msa,MI,237277,241869,246718
"Kahului, HI",Msa,HI,932097,961040,995596
"Ottawa, IL",Msa,IL,141675,143358,144704
"State College, PA",Msa,PA,291309,294303,297754
"Bangor, ME",Msa,ME,225083,229103,230619
"Alexandria, LA",Msa,LA,168791,168435,168371
"Decatur, AL",Msa,AL,177863,180427,182851
"Hanford, CA",Msa,CA,314907,319855,324976
"Iowa City, IA",Msa,IA,257911,259713,261381
"Rocky Mount, NC",Msa,NC,156921,159977,162857
"Monroe, MI",Msa,MI,221516,222662,223911
"Wichita Falls, TX",Msa,TX,141307,143819,145871
"Burlington, NC",Msa,NC,234494,240706,246197
"Madera, CA",Msa,CA,394563,400907,405825
"Jefferson City, MO",Msa,MO,203280,206824,209293
"Chambersburg, PA",Msa,PA,231409,233794,236537
"Texarkana, TX",Msa,TX,137205,140549,141861
"Elizabethtown, KY",Msa,KY,200817,203282,205451
"Pottsville, PA",Msa,PA,120024,122026,123755
"Wheeling, OH",Msa,OH,122228,124477,125094
"Florence, AL",Msa,AL,154665,158515,160568
"Grand Junction, CO",Msa,CO,368867,370543,376744
"Concord, NH",Msa,NH,371659,378317,384567
"Dothan, AL",Msa,AL,148919,151149,153023
"Santa Fe, NM",Msa,NM,492923,501977,512832
"Johnstown, PA",Msa,PA,99804,101211,101262
"Traverse City, MI",Msa,MI,338930,344338,349308
"Hattiesburg, MS",Msa,MS,168714,172791,174178
"Dalton, GA",Msa,GA,184775,185481,190857
"Midland, TX",Msa,TX,280842,283055,284781
"Homosassa Springs, FL",Msa,FL,250294,255230,260353
"Auburn, AL",Msa,AL,,248409,253657
"Valdosta, GA",Msa,GA,164671,167136,169265
"Coeur d'Alene, ID",Msa,ID,583110,586761,588827
"Springfield, OH",Msa,OH,155298,155775,156864
"St. George, UT",Msa,UT,536786,543584,547724
"Vero Beach, FL",Msa,FL,337358,345263,355984
"Odessa, TX",Msa,TX,194089,195307,195673
"Napa, CA",Msa,CA,877718,891813,910270
"Tupelo, MS",Msa,MS,144113,147336,148621
"Battle Creek, MI",Msa,MI,163518,166370,168787
"Jamestown, NY",Msa,NY,137786,139762,141958
"Eureka, CA",Msa,CA,453986,463642,469025
"Rapid City, SD",Msa,SD,310316,317319,323468
"Flagstaff, AZ",Msa,AZ,580270,586919,599269
"Lumberton, NC",Msa,NC,98286,100830,101794
"Wausau, WI",Msa,WI,210863,212803,215464
"La Crosse, WI",Msa,WI,249049,252539,254786
"Lebanon, PA",Msa,PA,243007,245199,247885
"Idaho Falls, ID",Msa,ID,381530,389574,393621
"Sierra Vista, AZ",Msa,AZ,216272,221094,225112
"Pittsfield, MA",Msa,MA,323405,327627,331276
"Lawton, OK",Msa,OK,115842,117387,119052
"Farmington, NM",Msa,NM,188786,192046,195098
"Jackson, TN",Msa,TN,164664,168471,170603
"Morgantown, WV",Msa,WV,197425,198615,199209
"Glens Falls, NY",Msa,NY,239121,244634,248542
"Winchester, VA",Msa,VA,318122,320964,322704
"St. Joseph, MO",Msa,MO,147063,148591,149955
"Altoona, PA",Msa,PA,139839,140984,142491
"New Bern, NC",Msa,NC,204007,208191,211016
"Carbondale, IL",Msa,IL,117599,119034,119794
"London, KY",Msa,KY,124238,126729,127664
"Logan, ID",Msa,UT,430728,441338,452015
"Harrisonburg, VA",Msa,VA,271001,274784,275885
"Beckley, WV",Msa,WV,91321,93018,93732
"Mansfield, OH",Msa,OH,155784,156887,158438
"Weirton, OH",Msa,OH,103744,105867,106463
"Goldsboro, NC",Msa,NC,174858,177766,181389
"Augusta, ME",Msa,ME,252638,254517,260127
"Hammond, LA",Msa,LA,191033,194793,198487
"Jonesboro, AR",Msa,AR,167637,171243,173415
"Sherman, TX",Msa,TX,249063,255289,261896
"Anniston, AL",Msa,AL,137249,140168,143127
"Staunton, VA",Msa,VA,244537,248132,249495
"Muncie, IN",Msa,IN,128587,130469,133298
"Mount Vernon, WA",Msa,WA,560683,570360,573892
"Albany, OR",Msa,OR,383967,390266,396111
"Watertown, NY",Msa,NY,168921,170338,172383
"Williamsport, PA",Msa,PA,195247,197206,198628
"Cleveland, TN",Msa,TN,231870,239184,243191
"Sheboygan, WI",Msa,WI,195769,198458,201539
"Bismarck, ND",Msa,ND,306027,308552,311102
"Owensboro, KY",Msa,KY,167679,170653,171216
"Dunn, NC",Msa,NC,231908,236621,241116
"Wooster, OH",Msa,OH,,,
"Morristown, TN",Msa,TN,199737,204220,211690
"Kankakee, IL",Msa,IL,177475,179567,181381
"Brunswick, GA",Msa,GA,248058,254362,261318
"Ogdensburg, NY",Msa,NY,107625,108241,108856
"San Angelo, TX",Msa,TX,190198,191257,192033
"Michigan City, IN",Msa,IN,199831,202408,206455
"Holland, MI",Msa,MI,270924,276099,280937
"Wenatchee, WA",Msa,WA,505486,515478,522205
"Lawrence, KS",Msa,KS,275388,276199,276794
"Decatur, IL",Msa,IL,106856,108337,109594
"Missoula, MT",Msa,MT,549126,563698,573922
"Salem, OH",Msa,OH,126246,127280,128218
"Bay City, MI",Msa,MI,143999,145492,147104
"Lewiston, ME",Msa,ME,267283,273689,278893
"Roseburg, OR",Msa,OR,307514,311498,316240
"Sumter, SC",Msa,SC,160103,162113,164821
"Meridian, MS",Msa,MS,103456,105468,106210
"Show Low, AZ",Msa,AZ,352019,359048,367006
"Bluefield, WV",Msa,WV,93282,95205,95811
"Danville, VA",Msa,VA,149613,151792,152567
"Lima, OH",Msa,OH,155021,156427,158175
"Cookeville, TN",Msa,TN,224669,229711,231057
"California-Lexington Park, MD",Msa,MD,372162,374298,377174
"Gadsden, AL",Msa,AL,122983,126448,127921
"Cumberland, MD",Msa,MD,119765,120894,122524
"Longview, WA",Msa,WA,391326,397618,402690
"Whitewater, WI",Msa,WI,296481,301641,307230
"Fond du Lac, WI",Msa,WI,184453,186464,187975
"Ithaca, NY",Msa,NY,264159,271176,275980
"Ashtabula, OH",Msa,OH,141007,142627,144205
"Gettysburg, PA",Msa,PA,262960,265523,267724
"Pine Bluff, AR",Msa,AR,77591,79804,80863
"Tullahoma, TN",Msa,TN,215410,221754,228266
"Richmond, KY",Msa,KY,212143,214299,216312
"Adrian, MI",Msa,MI,208334,210930,213949
"Twin Falls, ID",Msa,ID,360455,366896,373025
"Corning, NY",Msa,NY,131406,129099,129566
"Sebring, FL",Msa,FL,203869,207547,211719
"Truckee, CA",Msa,CA,655089,664296,668027
"Paducah, KY",Msa,KY,134475,136752,139042
"Grand Forks, ND",Msa,ND,236727,238964,240618
"Shelby, NC",Msa,NC,192297,195140,197544
"Fairbanks, AK",Msa,AK,227972,228443,226259
"Ocean City, NJ",Msa,NJ,585779,597002,606687
"Mankato, MN",Msa,MN,255744,259012,261276
"Rome, GA",Msa,GA,178921,183544,186134
"Cape Girardeau, MO",Msa,MO,196523,198341,200818
"Hot Springs, AR",Msa,AR,215061,218033,220602
"Greenwood, SC",Msa,SC,148984,151294,152518
"Sunbury, PA",Msa,PA,133945,136201,136652
"Clarksburg, WV",Msa,WV,118334,120964,121949
"Talladega, AL",Msa,AL,132279,135800,137298
"Dubuque, IA",Msa,IA,222030,222175,225262
"The Villages, FL",Msa,FL,356622,369165,380382
"Albertville, AL",Msa,AL,177932,181530,185886
"Manhattan, KS",Msa,KS,236018,237128,237013
"Parkersburg, WV",Msa,WV,136076,137405,137977
"New Philadelphia, OH",Msa,OH,163904,166003,167435
"Orangeburg, SC",Msa,SC,111358,114334,115853
"Cheyenne, WY",Msa,WY,349051,353080,356263
"New Castle, PA",Msa,PA,137231,138580,141185
"Brainerd, MN",Msa,MN,275209,279524,284887
"Kalispell, MT",Msa,MT,637132,659377,678107
"Sevierville, TN",Msa,TN,404178,417346,423957
"Ames, IA",Msa,IA,240640,243332,245138
"Bozeman, MT",Msa,MT,680776,687075,686169
"Moses Lake, WA",Msa,WA,326467,331436,332650
"Indiana, PA",Msa,PA,148411,150379,150381
"Elmira, NY",Msa,NY,129681,131775,132949
"Meadville, PA",Msa,PA,128013,129681,129640
"Beaver Dam, WI",Msa,WI,215332,217236,219306
"Pinehurst-Southern Pines, NC",Msa,NC,347793,356594,365250
"Ukiah, CA",Msa,CA,527480,526290,521950
"Hermiston-Pendleton, OR",Msa,OR,277489,282070,284892
"Lufkin, TX",Msa,TX,151612,155165,156491
"Zanesville, OH",Msa,OH,162693,164610,166996
"Corvallis, OR",Msa,OR,492037,496747,501622
"Bloomsburg, PA",Msa,PA,202896,205720,205868
"Laurel, MS",Msa,MS,121820,124492,125748
"Russellville, AR",Msa,AR,143852,143861,147283
"Branson, MO",Msa,MO,216414,217159,220658
"Watertown, WI",Msa,WI,277906,281853,284536
"Midland, MI",Msa,MI,201482,203801,205368
"Opelousas, LA",Msa,LA,137705,139588,140388
"Pocatello, ID",Msa,ID,306485,308287,313724
"Kokomo, IN",Msa,IN,150049,152326,154198
"Grants Pass, OR",Msa,OR,413773,416479,416750
"Huntsville, TX",Msa,TX,217522,223367,225296
"Plattsburgh, NY",Msa,NY,170928,173594,176511
"Grand Island, NE",Msa,NE,195765,198533,199016
"DuBois, PA",Msa,PA,123137,124838,125331
"Danville, IL",Msa,IL,78464,79477,80006
"Manitowoc, WI",Msa,WI,170974,173494,175518
"Great Falls, MT",Msa,MT,269245,274299,280793
"Wilson, NC",Msa,NC,161917,165006,167298
"Cullman, AL",Msa,AL,184376,,195589
"Olean, NY",Msa,NY,108110,112566,116145
"Auburn, NY",Msa,NY,167489,169454,170813
"Portsmouth, OH",Msa,OH,102125,103622,104101
"Athens, TX",Msa,TX,250227,254263,258818
"Oak Harbor, WA",Msa,WA,609437,619783,627562
"Chillicothe, OH",Msa,OH,158527,160777,161393
"Hinesville, GA",Msa,GA,176217,180180,182475
"Somerset, PA",Msa,PA,141229,143273,143392
"Warsaw, IN",Msa,IN,236604,239947,243124
"Stillwater, OK",Msa,OK,178350,181155,184063
"Quincy, IL",Msa,IL,136807,137458,139332
"Keene, NH",Msa,NH,286327,289594,293888
"Sandusky, OH",Msa,OH,184812,189984,194875
"Searcy, AR",Msa,AR,148667,150946,154188
"Columbus, IN",Msa,IN,219810,221709,223764
"Roanoke Rapids, NC",Msa,NC,90363,92789,93645
"Centralia, WA",Msa,WA,284945,291864,296926
"Casper, WY",Msa,WY,258056,261380,265082
"Helena, MT",Msa,MT,407203,416543,426581
"Findlay, OH",Msa,OH,182605,184352,186320
"Wisconsin Rapids-Marshfield, WI",Msa,WI,161555,162636,162122
"Palatka, FL",Msa,FL,175453,177946,181735
"Seneca, SC",Msa,SC,244662,249946,255553
"Mount Airy, NC",Msa,NC,163548,168233,170020
"Glenwood Springs, CO",Msa,CO,737648,746893,750877
"Key West, FL",Msa,FL,870817,887158,903743
"Aberdeen, WA",Msa,WA,316130,324229,330117
"Gallup, NM",Msa,NM,194255,199005,200118
"Port Angeles, WA",Msa,WA,482788,492437,502107
"Greenfield Town, MA",Msa,MA,293942,297942,300285
"Muskogee, OK",Msa,OK,98719,100833,101465
"Frankfort, KY",Msa,KY,189152,192083,193890
"Owosso, MI",Msa,MI,155857,156650,157715
"Mount Pleasant, MI",Msa,MI,177733,179083,178717
"Statesboro, GA",Msa,GA,183020,190159,195016
"Marion, IN",Msa,IN,106105,108074,110028
"Stevens Point, WI",Msa,WI,221697,224674,224997
"Minot, ND",Msa,ND,288778,278633,266442
"Shawnee, OK",Msa,OK,129718,132410,134351
"North Wilkesboro, NC",Msa,NC,176956,181813,183264
"Richmond, IN",Msa,IN,123067,124596,125345
"Greeneville, TN",Msa,TN,178542,185551,190848
"Martinsville, VA",Msa,VA,97710,99127,99559
"Forest City, NC",Msa,NC,183959,187909,189990
"Lake City, FL",Msa,FL,210923,215417,218913
"Kapaa, HI",Msa,HI,790191,804139,836810
"Marquette, MI",Msa,MI,199516,200581,200194
"LaGrange, GA",Msa,GA,156219,157865,159730
"Marion, OH",Msa,OH,128069,130062,130548
"Morehead City, NC",Msa,NC,384953,391923,398930
"Klamath Falls, OR",Msa,OR,279455,284122,288514
"Marinette, WI",Msa,WI,134358,135834,135635
"Roswell, NM",Msa,NM,135559,138444,139346
"Marshall, TX",Msa,TX,170618,174276,175682
"Farmington, MO",Msa,MO,160523,163489,166858
"Charleston, IL",Msa,IL,98231,99294,100357
"Athens, OH",Msa,OH,165170,167222,167461
"Hobbs, NM",Msa,NM,206855,211606,212319
"Clearlake, CA",Msa,CA,339609,342030,345386
"Nacogdoches, TX",Msa,TX,179095,183165,184471
"Hutchinson, KS",Msa,KS,120603,121739,121886
"Faribault, MN",Msa,MN,316234,316570,318629
"Elizabeth City, NC",Msa,NC,208246,213917,215931
"Ionia, MI",Msa,MI,208163,208936,209504
"Alamogordo, NM",Msa,NM,163347,167153,168167
"Red Bluff, CA",Msa,CA,322912,327160,324413
"Hudson, NY",Msa,NY,352141,357703,363166
"Somerset, KY",Msa,KY,178622,182023,183117
"Coos Bay, OR",Msa,OR,340484,346352,350713
"Walla Walla, WA",Msa,WA,385623,393266,402993
"Sayre, PA",Msa,PA,176648,178869,178779
"Oneonta, NY",Msa,NY,180026,182995,183224
"Fort Madison, IA",Msa,IA,104587,106193,106883
"Baraboo, WI",Msa,WI,245966,247443,250946
"Marietta, OH",Msa,OH,161776,163914,164330
"Salina, KS",Msa,KS,157871,159124,159127
"Rutland, VT",Msa,VT,239875,242194,244618
"Big Stone Gap, VA",Msa,VA,85556,86830,87407
"Sturgis, MI",Msa,MI,176534,179923,183884
"Rio Grande City, TX",Msa,TX,88034,90681,91584
"Fremont, OH",Msa,OH,148974,151057,151619
"Mount Vernon, OH",Msa,OH,198882,201991,203062
"Lewiston, ID",Msa,ID,335927,343724,345342
"Shelton, WA",Msa,WA,459383,454108,453435
"Albemarle, NC",Msa,NC,226727,230996,234687
"Enid, OK",Msa,OK,101489,102219,102894
"Jefferson, GA",Msa,GA,342979,349898,353777
"Georgetown, SC",Msa,SC,320792,325435,331368
"Laconia, NH",Msa,NH,400624,406009,410501
"Batavia, NY",Msa,NY,170193,172177,174483
"Oxford, NC",Msa,NC,244320,250298,253321
"Columbus, MS",Msa,MS,139865,143083,144478
"Norwalk, OH",Msa,OH,150391,152687,153372
"Barre, VT",Msa,VT,307007,313414,320409
"Kinston, NC",Msa,NC,115636,119093,120540
"Sterling, IL",Msa,IL,114064,115406,116088
"Palestine, TX",Msa,TX,136146,139772,140941
"Dublin, GA",Msa,GA,130990,134941,136587
"Vicksburg, MS",Msa,MS,148883,151886,152959
"Point Pleasant, WV",Msa,WV,113114,115241,115757
"Sanford, NC",Msa,NC,192472,200795,206946
"Fergus Falls, MN",Msa,MN,292721,295135,294520
"Tiffin, OH",Msa,OH,135934,137747,138097
"Fairmont, WV",Msa,WV,127196,130127,131228
"Crossville, TN",Msa,TN,257427,265340,269678
"Picayune, MS",Msa,MS,167513,171129,172863
"Gloversville, NY",Msa,NY,159913,162093,163904
"Sonora, CA",Msa,CA,391840,401449,409348
"Gaffney, SC",Msa,SC,109191,111279,111970
"Carson City, NV",Msa,NV,486474,492648,498945
"Calhoun, GA",Msa,GA,185198,191166,193991
"Milledgeville, GA",Msa,GA,165696,170652,172746
"Waycross, GA",Msa,GA,121802,125326,126883
"Oil City, PA",Msa,PA,102759,104155,104243
"Jasper, IN",Msa,IN,189868,193087,194089
"Morgan City, LA",Msa,LA,132661,134529,135476
"Eagle Pass, TX",Msa,TX,170111,174074,175680
"Ontario, OR",Msa,OR,273235,279121,280131
"Payson, AZ",Msa,AZ,349946,361497,373992
"McComb, MS",Msa,MS,119126,121654,122568
"Rochelle, IL",Msa,IL,169752,170808,173105
"Scottsboro, AL",Msa,AL,134836,138316,139553
"Danville, KY",Msa,KY,145768,148382,149342
"Ashland, OH",Msa,OH,176169,178780,179417
"Natchez, MS",Msa,MS,108920,110634,111646
"Greenville, OH",Msa,OH,171132,173603,174202
"Galesburg, IL",Msa,IL,87921,89049,89591
"Warrensburg, MO",Msa,MO,225768,228130,232027
"Kearney, NE",Msa,NE,247314,250664,251163
"Fort Polk South, LA",Msa,LA,160535,162691,163704
"Fort Leonard Wood, MO",Msa,MO,177266,179769,180843
"Glasgow, KY",Msa,KY,144599,147340,148762
"Athens, TN",Msa,TN,173432,177199,181088
"Edwards, CO",Msa,CO,1048127,1084820,1120559
"Fernley, NV",Msa,NV,404770,410964,415827
"Mason City, IA",Msa,IA,140843,142623,143056
"Malone, NY",Msa,NY,134619,136756,136944
"Winona, MN",Msa,MN,218489,219256,220598
"Durango, CO",Msa,CO,604851,616898,631450
"Platteville, WI",Msa,WI,165474,167537,167647
"Boone, NC",Msa,NC,429934,436986,444302
"Bartlesville, OK",Msa,OK,148892,150953,153378
"Jacksonville, TX",Msa,TX,164654,168215,169253
"Elko, NV",Msa,NV,338377,347526,351945
"Rexburg, ID",Msa,ID,385984,396929,399491
"St. Marys, GA",Msa,GA,230504,235215,239066
"Ozark, AL",Msa,AL,115639,118617,119800
"Amsterdam, NY",Msa,NY,142555,145013,145184
"Enterprise, AL",Msa,AL,158074,160101,160781
"Paris, TX",Msa,TX,147178,151142,152593
"Kerrville, TX",Msa,TX,319961,317057,322761
"New Castle, IN",Msa,IN,123696,125600,126076
"Sidney, OH",Msa,OH,191970,194673,195186
"Cortland, NY",Msa,NY,155398,157819,157978
"Clinton, IA",Msa,IA,150532,151824,156430
"Del Rio, TX",Msa,TX,153979,157655,158763
"Clovis, NM",Msa,NM,182960,187636,188719
"Norfolk, NE",Msa,NE,195862,198536,199103
"Washington, NC",Msa,NC,179841,185294,187183
"Corsicana, TX",Msa,TX,143078,146445,147952
"Freeport, IL",Msa,IL,105564,106627,107250
"Starkville, MS",Msa,MS,201925,206469,208473
"Burlington, IA",Msa,IA,117039,118554,119055
"Cadillac, MI",Msa,MI,154924,156489,156484
"Ardmore, OK",Msa,OK,109772,112151,112848
"Kendallville, IN",Msa,IN,177798,180946,182382
"Nogales, AZ",Msa,AZ,231418,237701,238737
"Oxford, MS",Msa,MS,224166,229360,231630
"Bogalusa, LA",Msa,LA,120851,122540,123332
"Plymouth, IN",Msa,IN,193635,196693,198110
"Gardnerville Ranchos, NV",Msa,NV,693074,704887,716249
"Tahlequah, OK",Msa,OK,139638,142948,144378
"Madisonville, KY",Msa,KY,108072,110017,110549
"Ca?ñon City, CO",Msa,CO,314606,313272,316037
"Ruston, LA",Msa,LA,176601,179032,180157
"Hillsdale, MI",Msa,MI,175344,176948,176734
"Lewistown, PA",Msa,PA,132912,134891,134947
"Rockingham, NC",Msa,NC,92944,95642,96605
"Ponca City, OK",Msa,OK,76575,78236,78202
"Blytheville, AR",Msa,AR,103669,104978,105403
"Red Wing, MN",Msa,MN,297694,298986,301829
"Shawano, WI",Msa,WI,192871,195084,195117
"Cedar City, UT",Msa,UT,355803,362010,363643
"Bedford, IN",Msa,IN,146570,149513,150833
"Gillette, WY",Msa,WY,299761,305732,307373
"Newport, OR",Msa,OR,460080,466542,471745
"Wapakoneta, OH",Msa,OH,185858,188575,189084
"Huntingdon, PA",Msa,PA,156402,158625,158601
"Bellefontaine, OH",Msa,OH,180729,183407,183990
"McAlester, OK",Msa,OK,105386,107742,107273
"Blackfoot, ID",Msa,ID,319921,328279,329415
"Moultrie, GA",Msa,GA,117877,121299,122635
"Henderson, NC",Msa,NC,117744,119692,121722
"Coldwater, MI",Msa,MI,155011,156342,156035
"Harrison, AR",Msa,AR,149681,153416,155087
"Rolla, MO",Msa,MO,175810,178681,180155
"Shelbyville, TN",Msa,TN,251929,260373,266131
"Duncan, OK",Msa,OK,102128,104179,104692
"Marion, NC",Msa,NC,171170,174685,175319
"Lewisburg, PA",Msa,PA,228446,231824,232252
"Pullman, WA",Msa,WA,362203,365749,366745
"Thomasville, GA",Msa,GA,173736,178725,180666
"Bemidji, MN",Msa,MN,217426,219272,218908
"Mount Sterling, KY",Msa,KY,136630,139323,140422
"Ottumwa, IA",Msa,IA,100462,101894,102281
"Pahrump, NV",Msa,NV,345781,355486,364696
"Menomonie, WI",Msa,WI,216542,219229,219519
"Selma, AL",Msa,AL,66571,67987,68338
"Rock Springs, WY",Msa,WY,273809,280425,282435
"Bucyrus, OH",Msa,OH,107266,108878,109315
"Bradford, PA",Msa,PA,83591,85061,85091
"Bardstown, KY",Msa,KY,215734,217115,219196
"Cornelia, GA",Msa,GA,209928,215855,218334
"Burley, ID",Msa,ID,264497,271779,273421
"Greenwood, MS",Msa,MS,95447,95097,95215
"Big Rapids, MI",Msa,MI,167245,168743,168397
"Poplar Bluff, MO",Msa,MO,131901,133800,134679
"Muscatine, IA",Msa,IA,159480,161723,162226
"Alma, MI",Msa,MI,118697,119773,119679
"Durant, OK",Msa,OK,144617,148100,149171
"Seymour, IN",Msa,IN,174683,177383,178463
"Douglas, GA",Msa,GA,134723,138749,140266
"Willmar, MN",Msa,MN,224217,226118,225875
"Auburn, IN",Msa,IN,190544,193707,196845
"Sedalia, MO",Msa,MO,129870,131515,132357
"Paragould, AR",Msa,AR,137949,141925,143693
"Wilmington, OH",Msa,OH,174906,177604,178293
"Lawrenceburg, TN",Msa,TN,144017,145595,148135
"Warren, PA",Msa,PA,107808,108919,108928
"El Dorado, AR",Msa,AR,96020,98688,100021
"Mountain Home, AR",Msa,AR,166654,171212,173426
"Cedartown, GA",Msa,GA,144381,149297,151431
"Port Clinton, OH",Msa,OH,215782,218770,219457
"El Campo, TX",Msa,TX,179730,184081,185393
"Montrose, CO",Msa,CO,378300,386008,391023
"Ellensburg, WA",Msa,WA,506570,514622,524478
"Jacksonville, IL",Msa,IL,107259,108548,109158
"Sandpoint, ID",Msa,ID,523478,538787,542480
"Alice, TX",Msa,TX,116797,119515,119976
"Celina, OH",Msa,OH,201224,204025,204747
"Garden City, KS",Msa,KS,202778,204503,204468
"Marshalltown, IA",Msa,IA,127559,129225,129558
"Aberdeen, SD",Msa,SD,202225,206748,208752
"West Plains, MO",Msa,MO,154761,157166,158313
"Cullowhee, NC",Msa,NC,350357,348194,343497
"Espa?ñola, NM",Msa,NM,215070,220260,220076
"Riverton, WY",Msa,WY,261273,267533,269449
"Tifton, GA",Msa,GA,167164,171814,173509
"Urbana, OH",Msa,OH,178748,181433,182050
"Cambridge, OH",Msa,OH,132830,134797,135246
"Okeechobee, FL",Msa,FL,181288,185120,187733
"McMinnville, TN",Msa,TN,156351,162075,165911
"Selinsgrove, PA",Msa,PA,207569,210788,211382
"Natchitoches, LA",Msa,LA,187728,189958,190887
"Berlin, NH",Msa,NH,161238,163930,164980
"Lock Haven, PA",Msa,PA,171444,173865,174042
"Sikeston, MO",Msa,MO,128265,130146,131080
"Austin, MN",Msa,MN,167575,169395,170830
"Clewiston, FL",Msa,FL,179713,186038,188733
"Pittsburg, KS",Msa,KS,97608,97691,97472
"Defiance, OH",Msa,OH,151845,153946,154346
"Scottsbluff, NE",Msa,NE,165134,167190,167401
"Logansport, IN",Msa,IN,108956,110505,111389
"Pontiac, IL",Msa,IL,118541,119917,120615
"Hannibal, MO",Msa,MO,150179,152698,153940
"Mount Vernon, IL",Msa,IL,116130,117497,118349
"Houghton, MI",Msa,MI,157458,158636,158129
"Union City, TN",Msa,TN,101222,104283,105536
"Sault Ste. Marie, MI",Msa,MI,146002,147410,147194
"Vincennes, IN",Msa,IN,114440,115989,116769
"Gainesville, TX",Msa,TX,238661,246154,249677
"Dyersburg, TN",Msa,TN,119939,123953,125319
"Kill Devil Hills, NC",Msa,NC,501586,512605,527583
"Crawfordsville, IN",Msa,IN,168219,171151,172233
"Brownwood, TX",Msa,TX,144653,148491,149852
"Stephenville, TX",Msa,TX,213562,219197,221203
"Americus, GA",Msa,GA,104695,107380,108359
"Easton, MD",Msa,MD,411933,419057,423180
"North Platte, NE",Msa,NE,181119,183539,183807
"Newberry, SC",Msa,SC,167878,172534,173950
"Ada, OK",Msa,OK,125045,127812,128709
"Moscow, ID",Msa,ID,433685,444879,445988
"Safford, AZ",Msa,AZ,248957,255391,256285
"Murray, KY",Msa,KY,160324,163046,163830
"Bennington, VT",Msa,VT,293223,299593,300400
"Huntington, IN",Msa,IN,149555,152202,153318
"Mayfield, KY",Msa,KY,116854,119025,119698
"Escanaba, MI",Msa,MI,133427,134606,134613
"Canton, IL",Msa,IL,83635,84611,85127
"Corinth, MS",Msa,MS,118516,121431,122369
"Astoria, OR",Msa,OR,480073,484787,491648
"Peru, IN",Msa,IN,110363,111967,112822
"Coshocton, OH",Msa,OH,141492,143516,144001
"Newton, IA",Msa,IA,151986,154233,155057
"Logan, WV",Msa,WV,98700,100504,102058
"Bay City, TX",Msa,TX,188064,193285,195733
"Fremont, NE",Msa,NE,181069,183739,184181
"Hutchinson, MN",Msa,MN,247054,251426,255216
"Batesville, AR",Msa,AR,116816,120118,121639
"Owatonna, MN",Msa,MN,238872,241866,244519
"Vidalia, GA",Msa,GA,136039,139887,141425
"Summit Park, UT",Msa,UT,1220056,1267268,1316498
"Arkansas City-Winfield, KS",Msa,KS,97933,98563,98490
"Laramie, WY",Msa,WY,300340,307516,309856
"Plainview, TX",Msa,TX,92495,94602,95132
"Big Spring, TX",Msa,TX,161388,161892,162613
"Laurinburg, NC",Msa,NC,95597,98381,99292
"Dixon, IL",Msa,IL,117911,119402,120000
"Alexandria, MN",Msa,MN,296950,300303,302498
"Newport, TN",Msa,TN,141154,146175,148533
"DeRidder, LA",Msa,LA,127547,129381,129912
"Lebanon, MO",Msa,MO,157368,159988,161237
"Coffeyville, KS",Msa,KS,69230,69122,69241
"Seneca Falls, NY",Msa,NY,149968,152440,152564
"Sulphur Springs, TX",Msa,TX,165795,167419,168266
"Martin, TN",Msa,TN,118335,122290,123924
"Susanville, CA",Msa,CA,224150,227121,228707
"Brookhaven, MS",Msa,MS,139264,142474,143419
"Arcadia, FL",Msa,FL,181813,186603,189641
"Taylorville, IL",Msa,IL,96608,97630,97994
"Decatur, IN",Msa,IN,181690,184968,186188
"Junction City, KS",Msa,KS,171948,172989,172873
"Effingham, IL",Msa,IL,174484,176606,177674
"Valley, AL",Msa,AL,86445,88464,89030
"Butte, MT",Msa,MT,196703,203561,206397
"Angola, IN",Msa,IN,224089,228090,229615
"Dodge City, KS",Msa,KS,139816,140282,140018
"Brenham, TX",Msa,TX,291833,299386,302174
"Emporia, KS",Msa,KS,132710,133564,133540
"Jackson, OH",Msa,OH,101911,103292,103516
"Frankfort, IN",Msa,IN,144713,147264,148390
"Brevard, NC",Msa,NC,323132,332947,337612
"Taos, NM",Msa,NM,345523,352645,353533
"Malvern, AR",Msa,AR,118124,121669,123332
"Troy, AL",Msa,AL,140378,143466,144527
"Wabash, IN",Msa,IN,140340,142590,143616
"Cambridge, MD",Msa,MD,187313,188460,188680
"Macomb, IL",Msa,IL,84972,85773,86099
"Vernal, UT",Msa,UT,291149,294876,294044
"Kingsville, TX",Msa,TX,122946,125597,126541
"Madison, IN",Msa,IN,168680,171971,173450
"Mount Pleasant, TX",Msa,TX,163757,168670,170823
"Paris, TN",Msa,TN,146499,151332,153376
"Columbus, NE",Msa,NE,219299,222632,223035
"Brookings, SD",Msa,SD,241092,246912,249475
"Kennett, MO",Msa,MO,86310,87672,88235
"Beeville, TX",Msa,TX,151923,155512,156613
"Miami, OK",Msa,OK,89711,91612,92154
"Dayton, TN",Msa,TN,187307,193993,196931
"Washington, IN",Msa,IN,175444,178258,179588
"Camden, AR",Msa,AR,66364,68163,69133
"Jackson, WY",Msa,WY,918364,942791,951001
"Hastings, NE",Msa,NE,164874,167122,167333
"Juneau, AK",Msa,AK,451281,456928,457142
"Albert Lea, MN",Msa,MN,148164,149589,149498
"Lewisburg, TN",Msa,TN,251789,258616,262074
"Iron Mountain, MI",Msa,MI,143555,144702,144496
"Lincoln, IL",Msa,IL,109496,110780,111516
"Jesup, GA",Msa,GA,151879,156323,158264
"Kirksville, MO",Msa,MO,145518,147824,148826
"Alpena, MI",Msa,MI,127869,129167,129088
"Silver City, NM",Msa,NM,162934,167272,168073
"Indianola, MS",Msa,MS,76609,77776,78332
"Elkins, WV",Msa,WV,106066,108476,109386
"Las Vegas, NM",Msa,NM,193617,198025,199535
"McPherson, KS",Msa,KS,186515,187514,187209
"Sheridan, WY",Msa,WY,345049,353253,356456
"Washington Court House, OH",Msa,OH,150512,152706,153322
"Bennettsville, SC",Msa,SC,66263,67535,67631
"Van Wert, OH",Msa,OH,127437,129356,129845
"Merrill, WI",Msa,WI,162552,164626,164621
"Ludington, MI",Msa,MI,187621,189305,189042
"Middlesborough, KY",Msa,KY,68902,70134,70542
"Crescent City, CA",Msa,CA,332314,338361,342095
"North Vernon, IN",Msa,IN,156751,159246,160503
"Hays, KS",Msa,KS,202693,203745,204106
"Forrest City, AR",Msa,AR,61534,63034,63756
"Fort Morgan, CO",Msa,CO,295009,298906,300399
"Mineral Wells, TX",Msa,TX,172952,178643,181464
"Breckenridge, CO",Msa,CO,965463,988101,1015694
"Bastrop, LA",Msa,LA,63812,64964,65575
"Bainbridge, GA",Msa,GA,126942,130569,131964
"Wauchula, FL",Msa,FL,149831,154840,156913
"Hailey, ID",Msa,ID,732382,751602,755784
"Great Bend, KS",Msa,KS,92874,93402,93384
"Weatherford, OK",Msa,OK,137525,140171,140909
"Watertown, SD",Msa,SD,245329,250834,253335
"Thomaston, GA",Msa,GA,110035,113493,115223
"Mountain Home, ID",Msa,ID,291374,300344,303001
"Altus, OK",Msa,OK,81034,82722,83135
"Uvalde, TX",Msa,TX,164142,168234,169251
"Lexington, NE",Msa,NE,165857,168230,168696
"Boone, IA",Msa,IA,168852,171175,171892
"Toccoa, GA",Msa,GA,151335,156280,158628
"Summerville, GA",Msa,GA,104538,107941,109379
"Ottawa, KS",Msa,KS,175245,176699,176735
"New Ulm, MN",Msa,MN,189791,191374,190979
"Marshall, MN",Msa,MN,180823,182152,181667
"La Grande, OR",Msa,OR,260790,264002,263990
"Greensburg, IN",Msa,IN,189630,192808,194114
"Mexico, MO",Msa,MO,122340,124269,125233
"Moberly, MO",Msa,MO,119234,121133,122042
"The Dalles, OR",Msa,OR,330553,335110,335406
"Deming, NM",Msa,NM,135616,138823,139203
"Fallon, NV",Msa,NV,322506,332886,337437
"Fredericksburg, TX",Msa,TX,456379,469895,474768
"Magnolia, AR",Msa,AR,105638,108630,110046
"Campbellsville, KY",Msa,KY,128484,130993,131756
"Connersville, IN",Msa,IN,107319,109417,110464
"Dickinson, ND",Msa,ND,284023,287247,288036
"Spearfish, SD",Msa,SD,307332,315463,318987
"Heber, UT",Msa,UT,724553,737718,740751
"Steamboat Springs, CO",Msa,CO,890017,890701,900632
"Cordele, GA",Msa,GA,122501,125924,127027
"Marshall, MO",Msa,MO,128620,129846,130825
"Maryville, MO",Msa,MO,173928,176774,177642
"Arkadelphia, AR",Msa,AR,104581,107642,109097
"Liberal, KS",Msa,KS,127325,127777,128238
"Levelland, TX",Msa,TX,140516,143984,145266
"Wahpeton, ND",Msa,ND,162226,164312,164445
"Mitchell, SD",Msa,SD,202943,207578,209712
"Sterling, CO",Msa,CO,226643,229532,230157
"Pampa, TX",Msa,TX,76682,78378,78917
"Yankton, SD",Msa,SD,217223,222136,224193
"Williston, ND",Msa,ND,299627,304769,306433
"Oskaloosa, IA",Msa,IA,134335,136110,136712
"Brookings, OR",Msa,OR,424276,429363,429160
"Hood River, OR",Msa,OR,603511,610789,610335
"Beatrice, NE",Msa,NE,133467,135401,135809
"Borger, TX",Msa,TX,83903,85724,86206
"Raymondville, TX",Msa,TX,86375,88364,88760
"Elk City, OK",Msa,OK,129232,131718,132259
"Grenada, MS",Msa,MS,105901,107167,108238
"Dumas, TX",Msa,TX,156325,160075,161307
"Helena, AR",Msa,AR,33092,34125,34612
"Parsons, KS",Msa,KS,67169,67299,67050
"Port Lavaca, TX",Msa,TX,180903,185582,187160
"Worthington, MN",Msa,MN,165072,166194,166184
"Pierre, SD",Msa,SD,255374,261562,264211
"Evanston, WY",Msa,WY,247395,253624,255704
"Jamestown, ND",Msa,ND,185225,187720,188573
"Prineville, OR",Msa,OR,379639,385166,385772
"Guymon, OK",Msa,OK,122509,125561,126944
"Storm Lake, IA",Msa,IA,142706,144824,145615
"Woodward, OK",Msa,OK,124062,126275,126563
"Portales, NM",Msa,NM,121308,124085,124809
"Hereford, TX",Msa,TX,121995,125318,126507
"Othello, WA",Msa,WA,252594,255488,256762
"Los Alamos, NM",Msa,NM,384554,391559,394567
"Fitzgerald, GA",Msa,GA,95312,98167,99295
"Maysville, KY",Msa,KY,113633,115614,116292
"Atchison, KS",Msa,KS,114248,115150,115301
"Snyder, TX",Msa,TX,120081,122363,122574
"Fairfield, IA",Msa,IA,141320,143420,143974
"Spencer, IA",Msa,IA,146245,147904,147499
"Spirit Lake, IA",Msa,IA,281633,285915,287367
"Vineyard Haven, MA",Msa,MA,1073998,1084018,1082266
"Winnemucca, NV",Msa,NV,291388,299645,303278
"Sweetwater, TX",Msa,TX,91175,92086,91863
"Andrews, TX",Msa,TX,209449,213082,213733
"Zapata, TX",Msa,TX,113782,116501,117124
"Vermillion, SD",Msa,SD,218798,223332,225342
"Lamesa, TX",Msa,TX,94363,96568,97743
"Craig, CO",Msa,CO,252329,254712,254964
"Pecos, TX",Msa,TX,170010,172415,174162
"Vernon, TX",Msa,TX,84119,86741,87430
"Ketchikan, AK",Msa,AK,352067,356745,356976
